{"v":"5.7.12","fr":24,"ip":0,"op":168,"w":537,"h":750,"nm":"Piggy Cat Full копия","ddd":0,"assets":[{"id":"image_0","w":575,"h":728,"u":"images/","p":"img_0.png","e":0},{"id":"image_1","w":533,"h":746,"u":"images/","p":"img_1.png","e":0},{"id":"image_2","w":1983,"h":833,"u":"images/","p":"img_2.png","e":0},{"id":"image_3","w":1983,"h":833,"u":"images/","p":"img_3.png","e":0}],"layers":[{"ddd":0,"ind":2,"ty":2,"nm":"Piggy Cat Full.png","cl":"png","refId":"image_0","sr":1,"ks":{"o":{"a":0,"k":100,"ix":11},"r":{"a":0,"k":0,"ix":10},"p":{"a":0,"k":[268,405.5,0],"ix":2,"l":2},"a":{"a":0,"k":[287.5,364,0],"ix":1,"l":2},"s":{"a":0,"k":[140,140,100],"ix":6,"l":2}},"ao":0,"ip":0,"op":168,"st":0,"bm":0},{"ddd":0,"ind":3,"ty":2,"nm":"cat_mask_big.png","cl":"png","td":1,"refId":"image_1","sr":1,"ks":{"o":{"a":0,"k":100,"ix":11},"r":{"a":0,"k":0,"ix":10},"p":{"a":0,"k":[268,377.5,0],"ix":2,"l":2},"a":{"a":0,"k":[266.5,373,0],"ix":1,"l":2},"s":{"a":0,"k":[100,100,100],"ix":6,"l":2}},"ao":0,"ip":0,"op":168,"st":0,"bm":0},{"ddd":0,"ind":4,"ty":2,"nm":"wave 1.png","cl":"png","tt":1,"refId":"image_2","sr":1,"ks":{"o":{"a":0,"k":100,"ix":11},"r":{"a":0,"k":0,"ix":10},"p":{"a":1,"k":[{"i":{"x":0.367,"y":0.943},"o":{"x":0,"y":0},"t":0,"s":[1096,1151.5,0],"to":[-25.023,-14.18,0],"ti":[44.457,26.17,0]},{"i":{"x":0.653,"y":0.777},"o":{"x":0.18,"y":0.251},"t":1,"s":[990.266,1090.053,0],"to":[-328.727,-193.511,0],"ti":[1.187,2.123,0]},{"i":{"x":0.593,"y":0.92},"o":{"x":0.25,"y":0.049},"t":166,"s":[-116.86,423.558,0],"to":[-6.002,-10.737,0],"ti":[1.347,2.41,0]},{"i":{"x":0.833,"y":0.833},"o":{"x":0.25,"y":0.043},"t":168,"s":[-116.86,372.558,0],"to":[-6.002,-10.737,0],"ti":[35.854,20.317,0]},{"t":178,"s":[-404,331.5,0]}],"ix":2,"l":2},"a":{"a":0,"k":[991.5,416.5,0],"ix":1,"l":2},"s":{"a":0,"k":[100,100,100],"ix":6,"l":2}},"ao":0,"ip":0,"op":168,"st":0,"bm":0},{"ddd":0,"ind":5,"ty":2,"nm":"cat_mask_big.png","cl":"png","td":1,"refId":"image_1","sr":1,"ks":{"o":{"a":0,"k":100,"ix":11},"r":{"a":0,"k":0,"ix":10},"p":{"a":0,"k":[268,377.5,0],"ix":2,"l":2},"a":{"a":0,"k":[266.5,373,0],"ix":1,"l":2},"s":{"a":0,"k":[100,100,100],"ix":6,"l":2}},"ao":0,"ip":0,"op":168,"st":0,"bm":0},{"ddd":0,"ind":6,"ty":2,"nm":"wave 2 копия.png","cl":"png","tt":1,"refId":"image_3","sr":1,"ks":{"o":{"a":0,"k":100,"ix":11},"r":{"a":0,"k":0,"ix":10},"p":{"a":1,"k":[{"i":{"x":0.367,"y":0.943},"o":{"x":0,"y":0},"t":0,"s":[-526,1145.5,0],"to":[25.674,-14.453,0],"ti":[-53.982,26.949,0]},{"i":{"x":0.653,"y":0.731},"o":{"x":0.18,"y":0.237},"t":1,"s":[-404.331,1082.408,0],"to":[387.956,-193.675,0],"ti":[-1.626,3.012,0]},{"i":{"x":0.593,"y":0.886},"o":{"x":0.25,"y":0.07},"t":166,"s":[991.365,420.413,0],"to":[7.023,-13.01,0],"ti":[-1.852,3.431,0]},{"i":{"x":0.833,"y":0.833},"o":{"x":0.25,"y":0.304},"t":168,"s":[991.365,369.413,0],"to":[7.023,-13.01,0],"ti":[-36.782,20.707,0]},{"t":178,"s":[975,330.5,0]}],"ix":2,"l":2},"a":{"a":0,"k":[991.5,416.5,0],"ix":1,"l":2},"s":{"a":0,"k":[100,100,100],"ix":6,"l":2}},"ao":0,"ip":0,"op":168,"st":0,"bm":0}],"markers":[]}